<?xml version="1.0" encoding="UTF-8"?>
<project-private xmlns="http://www.netbeans.org/ns/project-private/1">
    <editor-bookmarks xmlns="http://www.netbeans.org/ns/editor-bookmarks/2" lastBookmarkId="0"/>
    <open-files xmlns="http://www.netbeans.org/ns/projectui-open-files/2">
        <group>
            <file>file:/C:/Users/Estudiante/Downloads/ejava/proyServiciosCompCMGUI/proyServiciosCompCM/proyServicioBGUI/src/Modelo/cuentaC.java</file>
            <file>file:/C:/Users/Estudiante/Downloads/ejava/proyServiciosCompCMGUI/proyServiciosCompCM/proyServicioBGUI/src/Modelo/Transaccion.java</file>
            <file>file:/C:/Users/Estudiante/Downloads/ejava/proyServiciosCompCMGUI/proyServiciosCompCM/proyServicioBGUI/src/proyInicio/ProyInicio.java</file>
            <file>file:/C:/Users/Estudiante/Downloads/ejava/proyServiciosCompCMGUI/proyServiciosCompCM/proyServicioBGUI/src/Controlador/Controlador.java</file>
            <file>file:/C:/Users/Estudiante/Downloads/ejava/proyServiciosCompCMGUI/proyServiciosCompCM/proyServicioBGUI/src/Vista/frmRegistro.java</file>
            <file>file:/C:/Users/Estudiante/Downloads/ejava/proyServiciosCompCMGUI/proyServiciosCompCM/proyServicioBGUI/src/Vista/frmConsulta.java</file>
            <file>file:/C:/Users/Estudiante/Downloads/ejava/proyServiciosCompCMGUI/proyServiciosCompCM/proyServicioBGUI/src/Modelo/Servicios.java</file>
            <file>file:/C:/Users/Estudiante/Downloads/ejava/proyServiciosCompCMGUI/proyServiciosCompCM/proyServicioBGUI/src/Modelo/cuentaH.java</file>
            <file>file:/C:/Users/Estudiante/Downloads/ejava/proyServiciosCompCMGUI/proyServiciosCompCM/proyServicioBGUI/src/Modelo/PortafolioSEV.java</file>
        </group>
    </open-files>
</project-private>
